{
	"id": "287e0743-4705-4967-86c9-8a84543ee455",
	"name": "F5 Postman for rSeries - F5OS Environment",
	"values": [
		{
			"key": "outofband_dfgw_ip",
			"value": "10.10.0.1",
			"enabled": true
		},
		{
			"key": "bigiq_mgmt_ip",
			"value": "10.10.0.185",
			"enabled": true
		},
		{
			"key": "big_iq_username",
			"value": "admin",
			"type": "default",
			"enabled": true
		},
		{
			"key": "big_iq_password",
			"value": "password",
			"type": "default",
			"enabled": true
		},
		{
			"key": "currentdate",
			"value": "",
			"enabled": true
		},
		{
			"key": "rseries_appliance1_ip",
			"value": "10.10.0.132",
			"type": "default",
			"enabled": true
		},
		{
			"key": "rseries_appliance2_ip",
			"value": "10.10.0.133",
			"type": "default",
			"enabled": true
		},
		{
			"key": "x-auth-token_rseries_appliance1",
			"value": "",
			"type": "default",
			"enabled": true
		},
		{
			"key": "x-auth-token_rseries_appliance2",
			"value": "",
			"type": "default",
			"enabled": true
		},
		{
			"key": "rseries_appliance_username",
			"value": "admin",
			"type": "default",
			"enabled": true
		},
		{
			"key": "rseries_appliance_password",
			"value": "Pa$$W0rd!",
			"type": "default",
			"enabled": true
		},
		{
			"key": "rseries_license_registration_key_appliance1",
			"value": "B1249-12345-12345-12345-1234567",
			"type": "default",
			"enabled": true
		},
		{
			"key": "rseries_license_registration_key_appliance2",
			"value": "B1249-12345-12345-12345-1234568",
			"type": "default",
			"enabled": true
		},
		{
			"key": "rseries_appliance_iso_image",
			"value": "F5OS-A-1.4.0-7228.R5R10.CANDIDATE.iso",
			"type": "default",
			"enabled": true
		},
		{
			"key": "rseries_appliance_tenant_image",
			"value": "BIGIP-15.1.6.1-0.0.10.ALL-F5OS.qcow2.zip.bundle",
			"type": "default",
			"enabled": true
		},
		{
			"key": "rseries_bigip_tenant1_name",
			"value": "bigip-tenant1",
			"type": "default",
			"enabled": true
		},
		{
			"key": "rseries_appliance1_bigip_tenant1_ip",
			"value": "10.10.2.3",
			"type": "default",
			"enabled": true
		},
		{
			"key": "rseries_outofband_dfgw_ip",
			"value": "10.10.0.1",
			"type": "default",
			"enabled": true
		},
		{
			"key": "rseries_internal_vlan_tag",
			"value": "3010",
			"type": "default",
			"enabled": true
		},
		{
			"key": "rseries_external_vlan_tag",
			"value": "3011",
			"type": "default",
			"enabled": true
		},
		{
			"key": "rseries_ha_vlan_tag",
			"value": "500",
			"type": "any",
			"enabled": true
		},
		{
			"key": "rseries_appliance3_ip",
			"value": "10.10.0.134",
			"type": "default",
			"enabled": true
		},
		{
			"key": "x-auth-token_rseries_appliance3",
			"value": "",
			"type": "default",
			"enabled": true
		},
		{
			"key": "rseries_appliance4_ip",
			"value": "10.10.0.135",
			"type": "default",
			"enabled": true
		},
		{
			"key": "x-auth-token_rseries_appliance4",
			"value": "",
			"type": "default",
			"enabled": true
		}
	],
	"_postman_variable_scope": "environment",
	"_postman_exported_at": "2023-01-10T19:28:14.733Z",
	"_postman_exported_using": "Postman/10.6.7"
}